ref.date,cambio_usd,cambio_eur,cambio_gbp,cambio_ars,cambio_jpy,juros_selic,juros_cdi,juros_cdb_rdb,credito_agro,credito_industria_total,credito_construcao,credito_comercio,credito_transporte,credito_pessoa_fisica,spread_icc_juridica,spread_icc_fisica,veiculos_automoveis,veiculos_leves,veiculos_caminhoes,veiculos_onibus,consumo_gasolina,consumo_glp,consumo_oleo_combustivel,consumo_oleo_diesel,consumo_demais_derivados,consumo_alcool,consumo_eletricidade_comecial,consumo_eletricidade_residencial,consumo_eletricidade_industrial,consumo_eletricidade_outros,producao_bens_consumo,producao_bens_duraveis,producao_bens_nao_duraveis,producao_bens_capital,producao_transformacao,capacidade_instalada_industria,vendas_varejo,vendas_servicos,trab_caged,trab_pop_forca_trab,trab_pop_ocupada,trab_tx_desemprego,trab_hrs_trabalhadas_industria,trab_razao_vagas_desempregados,price_ipca,price_igp_m,price_ipc,price_incc,price_inpc,price_ipp,indice_commodity_agro,indice_commodity_metal,indice_commodity_energia,trab_menos_de_1_mes,trab_de_1_mes_a_menos_de_1_ano,trab_de_1_ano_a_menos_de_2_anos,trab_x2_anos_ou_mais,asset_ibrx100,asset_imat.x,asset_imat.y,asset_ifnc,asset_ifix,asset_imob,asset_MLCX,asset_smll,ida_di,idk_1a,idk_2a,idk_3a,idk_3m,idk_5a
2013-02-01,1.972535002231598,2.6351550102233885,3.053090000152588,0.3937020003795624,0.02117499988526106,7.12,6.96,0.48,23534,628047,94316,258622,109586,1094775,8.02,19.03,171454,51024,9979,2630,537,218,102,961,122,334,7035,10475,14786,5705,105.2,130,99.4,116.5,103.1,82.3,84.64,88.62,39824539,97488,86859,7.8,106.8,5.2372703596392665,0.6,0.29,0.33,0.6,0.52,-0.350630545977504,131.05,144.98,66.37,1163.3093931030855,4245.709658996256,1056.4617712558893,1405.6492977091318,21395.64,1758.78,12184.91,4116.2699999999995,1597.8799999999999,890.7800000000001,955.02,1552.1899999999998,1188.709118,2428.567292,2685.6537230000004,2854.9181560000006,2158.4636760000003,3142.4733660000006
2013-03-01,1.9836545532399958,2.5660590908744116,2.987763621590354,0.38967999951405957,0.020916363478384235,7.15,6.99,0.56,24153,641038,96662,263758,110806,1108015,7.94,18.78,209347,58966,12344,3232,545,211,93,953,125,316,7147,10357,15148,5791,117.9,161.4,107.6,128.1,115.1,82.6,97.76,95.84,40007557,97554,86627,8.1,108.2,5.063046689937096,0.47,0.21,0.72,0.5,0.6,0.0401019256122348,129.9,137.22,66.81,1156.3559361651382,4240.762235413324,1055.9082437557672,1403.4126286461767,21531.88,1710.86,11986.89,4288,1579.32,843.52,966.8,1490.95,1195.2470890000002,2433.1660209999995,2684.367679,2852.295741,2168.0845849999996,3151.438598
2013-04-01,1.9974817850373008,2.601431824944236,3.057263645258817,0.3877322727983648,0.0204590910368345,7.26,7.1,0.63,24104,644274,97451,264353,112451,1124846,7.81,18.57,245798,70872,14053,2993,574,235,88,1036,124,329,7051,10302,15592,5709,125.4,171.1,114.6,135.3,120.4,83,90.32,96.95,40263782,97847,87004,7.9,111.5,5.20882731797887,0.55,0.15,0.52,0.74,0.59,0.404636010930681,128.12,129.79,68.08,868.4331107304668,4145.4729851144975,1045.7900069207951,1325.8880527229182,21700.22,1693.32,12023.1,4164.96,1549,822.64,975.72,1487.82,1202.6934689999998,2444.879248,2690.7656679999996,2847.448394,2180.7269189999997,3105.0957120000007
2013-07-01,2.246969575467317,2.939995641293733,3.409291277761045,0.41292695377183997,0.02256217396453671,8.23,8.05,0.74,24289,664240,100860,269616,118825,1173994,7.35,17.85,250054,73863,15230,3144,530,245,55,1039,131,372,6454,10022,15490,5731,129.3,160.3,122,131.7,127.1,82.4,98.11,99.28,40606292,98363,87959,7.4,107.7,5.578659411320065,0.03,0.26,-0.17,0.48,-0.13,1.21278329689154,138.89,133.78,72.31,879.1591857447387,3873.945777139166,969.6186670072711,1182.2474070410608,19900.2,1552.85,11619.19,3862.18,1427.11,712.49,897.9399999999999,1318.58,1227.042254,2465.7154809999997,2673.0923150000003,2784.116958,2216.794994,2970.94422
2013-08-01,2.340414274306524,3.118604750860305,3.626704772313436,0.41958237971578327,0.023971428562487875,8.45,8.27,0.72,24799,672250,102154,272866,120563,1190495,7.27,17.67,241681,71007,13376,3111,546,245,55,1089,127,389,6601,10280,15886,5845,136.7,175.6,127.6,137.5,132.2,82.5,101.18,99.33,40768452,98311,88188,7.2,108.7,5.759564036577799,0.24,0.15,0.2,0.31,0.16,1.42708504125353,142.51,148.77,74.18,879.0890690722641,3882.0788224414287,971.103968067918,1185.4279990436187,20271.53,1756,12156.220000000001,3889,1375,693.64,914.71,1292.8899999999999,1236.264365,2487.145539,2695.8197190000005,2805.8633010000003,2232.9539980000004,2996.34874
2013-10-01,2.1838523773919967,2.9798772876912896,3.514509092677723,0.3740113634954799,0.022336363538422367,9.25,9.16,0.83,25122,671076,104947,280270,120391,1212482,7.19,17.5,238718,74754,13533,3182,555,239,83,1113,126,414,7071,10545,15787,5986,141.7,180.2,132.6,143.2,132.5,82.3,101.18,102.21,41156985,98283,88601,6.8,109.1,6.158234683635671,0.57,0.86,0.55,0.26,0.61,-0.446691298712665,134.81,140.85,73.11,829.8089796648751,3192.545697246984,996.1571286771917,1127.7790815628093,22422.2,1905.3799999999999,12428.68,4544,1423.1,756.55,1018.15,1345.36,1255.4954690000002,2516.403745,2720.292951,2824.5878839999996,2263.9787330000004,2990.794523
2013-11-01,2.2905238015311107,3.091947623661586,3.684180952253796,0.3815342826502664,0.022923809609242847,9.45,9.33,0.72,25336,682953,106633,285332,123488,1227984,7.17,17.38,223029,65155,11591,3144,563,228,93,1068,128,419,7382,10711,15810,6017,134.2,167.2,126.4,127.3,124.6,82.1,103.19,101.19,41226346,98465,88915,6.6,108.4,6.343793287570264,0.54,0.29,0.68,0.35,0.54,0.64440337111118,139.12,144.34,75.93,830.2390138244616,3195.7447678545363,996.1077466601582,1128.219062876312,21970.960000000003,1923.07,12521.640000000001,4323.469999999999,1411.6699999999998,709.99,995.66,1332.3899999999999,1266.7254750000002,2530.4873730000004,2732.530235,2833.8585760000005,2281.691682,2994.333702000001
2014-04-01,2.2270818190141157,3.0756681615656074,3.727727250619368,0.2783427279103886,0.021742272868075153,10.87,10.77,0.85,25548,723505,111799,288238,128205,1294198,6.97,17.42,234956,44771,10896,2606,592,230,110,1024,127,406,7588,10780,15261,5922,118.2,151.1,110.4,116.6,112,81.3,96.36,98.58,41251091,98832,88779,7.2,106.3,5.797027475356609,0.67,0.78,0.77,0.88,0.78,-0.411524163044763,149.81,142.47,79.89,857.9460606125311,3708.9667553246727,1092.0092865536662,1195.7836859510692,21406.3,1512.42,11271.7,4690.04,1350.76,650.97,973.5,1225.27,1321.796291,2631.718783,2825.5810070000002,2908.511117000001,2370.311649,3032.523904
2014-07-01,2.220173929048621,3.0071434767349907,3.788321743840757,0.2725804370382558,0.021819130396065506,10.9,10.8,0.96,25356,746028,114323,285423,130313,1333060,6.92,17.38,234608,45181,12372,2596,555,250,95,1052,135,391,6773,10556,14554,5902,126.9,140.5,123.7,119.3,121.4,81.4,97.24,101.37,41419519,98970,89192,7,104.4,5.978654281961344,0.01,-0.61,0.1,0.75,0.13,-0.27986439150105,141.69,147.1,75.37,782.1855250334913,3752.684263547738,1121.5577375735577,1154.9965842701392,22913.07,1574.61,11630.89,5063.83,1409.42,662.92,1047.34,1229.85,1358.775244,2717.183325,2957.225939,3075.335192000001,2429.349189,3246.767593
2014-08-01,2.2624428499312628,3.0128380911690846,3.7765952291942777,0.27248857276780264,0.02196761912533215,10.9,10.82,0.87,25537,755252,115139,285206,130368,1348138,6.94,17.38,217040,42070,10828,2510,564,240,121,1086,130,403,6989,10542,15134,5986,128.5,147.4,124.1,117.2,123.3,81.1,100.21,100.76,41550423,98966,89155,7,102.5,5.997791882349205,0.25,-0.27,0.12,0.08,0.18,0.486984083378572,138.89,149.81,75.34,784.2931533399774,3752.580456164215,1121.1926151919786,1156.2137991837678,25110.329999999998,1523.05,12349.93,5743.63,1413.1,736.8499999999999,1149,1322.53,1372.826104,2739.961694,2974.6703360000006,3088.1211630000003,2452.0114970000004,3258.7667309999997
2014-09-01,2.3300045295195146,3.003427256237377,3.7996136383576826,0.2769740874117071,0.021689999763938515,10.9,10.82,0.92,26239,764358,115375,287235,132515,1361005,6.9,17.4,234533,47954,11213,2586,594,242,124,1123,129,429,7186,10576,14975,6158,133.6,160.1,127.4,120.6,122.8,81.3,96.19,101.96,41719249,99219,89532,6.9,103.1,6.09386102562462,0.57,0.2,0.49,0.15,0.49,0.95397986581249306,142.98,148.01,75.87,783.9753713290269,3751.5823778065064,1120.8329005671778,1155.9544497122824,22286.43,1450.37,11853.07,4972.469999999999,1421.44,634.92,1018.89,1198.51,1386.0181479999999,2762.4836330000003,3018.2255160000004,3166.8251870000004,2473.7429689999994,3422.1894289999996
2014-10-01,2.443818146532232,3.100777268409729,3.9292818199504507,0.2884299985387109,0.022655909034338863,10.92,10.85,0.94,26249,769635,116454,289021,132605,1378381,6.86,17.44,242711,48677,12186,3275,609,235,112,1163,129,448,7615,11141,14929,6415,139.5,168.1,132.7,125.8,127,80.9,103.37,104.24,41702217,99355,89863,6.7,103,6.264618280446191,0.42,0.28,0.43,0.17,0.38,0.66271971064229,153.56,149.14,74.99,783.2134022620263,3577.6718435432954,1048.347776023325,1143.053623247729,22497.780000000002,1441.49,12333.710000000001,5159.59,1402.46,633.87,1030.83,1179.45,1400.0542279999997,2774.15997,2991.683613,3090.9201080000003,2495.8558510000003,3242.403489
2014-12-01,2.639721735664036,3.2524304389953613,4.125908644303031,0.30917434718297876,0.022105217222934185,11.58,11.51,0.95,27105,792489,118719,300271,139177,1416065,6.86,16.93,302913,50650,13697,2741,637,233,111,956,134,492,7856,11161,14648,6174,107.9,115.4,106.2,85,98.9,80.5,131.81,108.14,41139329,99516,90156,6.6,97.4,6.263547235285448,0.78,0.62,0.75,0.08,0.62,0.592067917173789,162.05,155.88,68.41,785.2627605249734,3585.807516649991,1050.7804187799775,1145.0745017482197,20702.53,1372.5,11961.78,4938.59,1336.72,552.76,950.57,1087.35,1427.934259,2815.244333,3050.7948589999996,3177.8366570000003,2538.6669639999996,3380.895891
2015-04-01,3.040095415982333,3.28592726317319,4.5452681671489366,0.3430104580792514,0.025428636422888798,12.68,12.63,0.96,26697,806083,117325,294812,140960,1453221,7.14,17.96,179223,32402,5806,1940,528,229,82,994,125,510,7907,10890,14645,6110,105.3,126.2,100.3,90.2,100.9,79.8,93.21,95.75,41041961,100327,89289,8.1,95.9,5.050393977126894,0.71,1.17,0.61,0.46,0.71,0.339731614102123,171.26,166.85,67.29,919.371062772209,4718.072363733842,1426.9060380895191,1444.5297198076967,23126.62,1569.82,13354.65,5680.84,1397.06,564.9499999999999,1072.92,1050.71,1486.109658,2910.7508639999996,3127.981648,3230.9769360000005,2636.709492,3381.074278
2015-06-01,3.107836365699768,3.490486361763694,4.83969090201638,0.34361363676461304,0.025130909190259197,13.58,13.57,0.82,26757,816474,116959,299731,141873,1469882,7.22,18.43,175261,29352,6211,1698,512,244,86,1020,125,502,7073,10113,14182,5852,107.7,106.1,108.1,83.7,105.3,79.2,91.11,96.08,40833735,100746,89322,8.4,94.9,4.82516321101724,0.79,0.67,0.82,1.84,0.77,0.344443544320061,175.76,162.38,71.53,922.8866029280032,4719.145455286527,1426.7820767278974,1445.6568107054081,22028.62,1380.6599999999999,13170.76,5366.72,1460.46,506.64000000000004,1020.57,1013.12,1517.3434739999998,2957.612329,3188.662751,3314.662179,2686.07299,3515.5051670000003
2015-07-01,3.2121499993584375,3.5330363403667104,4.995154575868086,0.3515013632449237,0.026044545525854283,13.69,13.68,1.05,27016,818855,117139,294730,143943,1475360,7.17,18.61,186995,32398,6515,1698,507,247,75,1007,134,502,6839,10111,13957,5870,114.4,121.5,112.7,86.4,109,78.8,93.48,97.08,40684378,100992,89344,8.7,92.6,4.6304314077910345,0.62,0.69,0.53,0.55,0.58,0.680328018888177,184.09,161.82,71.2,967.3923083178806,5072.744570633009,1576.6914163270653,1554.431322253689,21270.68,1317.87,13160.92,5147.23,1470.74,489.19,985,975.8299999999999,1535.030604,2975.968571,3192.975691,3313.005975,2715.0141620000004,3499.346431
2015-09-01,3.8956818255511196,4.375631830909035,5.970522750507701,0.4160336377945813,0.03242590904913165,14.15,14.13,1.05,27700,836933,118016,298707,148671,1493068,7.26,19.07,166345,26246,5945,1539,507,234,82,1034,126,530,7161,10437,14005,6184,117.7,116.3,118.1,83.2,107.6,78.1,90.15,97.07,40519303,101354,89435,9,90.9,4.442000096471553,0.54,0.95,0.42,0.22,0.51,2.70015310440579,210.3,189,79.64,966.0964723778256,5061.2681668801815,1573.3297083570635,1551.961206280812,18910,1367.55,13240.130000000001,4388.610000000001,1400.43,425.86,877.05,862.2,1573.6341389999998,3037.790615,3216.115665,3268.8205360000006,2777.597001,3306.09632
2015-10-01,3.8719047591799782,4.3481332915169855,5.934580939156668,0.4089842864445278,0.032237618984211056,14.15,14.13,1.04,27466,830688,117158,297401,146890,1496614,7.38,19.2,161592,23684,5784,1091,515,224,81,1051,125,545,7631,11133,14155,6343,122,120.6,122.4,84.9,111.3,78.1,97.5,98.16,40352635,101640,89668,9.1,90.7,4.362805484558732,0.82,1.89,0.76,0.36,0.77,1.75610020334009,213.08,189.09,77.24,980.6319089316484,4855.715754708251,1724.9014904612934,1664.3236600924677,19166.54,1381.1799999999998,12881.29,4458.51,1430.1799999999998,457.45,885.06,909.9399999999999,1592.3479690000001,3044.7966709999996,3173.673298,3190.660877,2808.4221580000003,3184.707303
2015-12-01,3.8680956674658735,4.210126068281091,5.806530454884404,0.353583046923513,0.03177869562869486,14.15,14.14,0.97,27998,848177,116873,305637,149525,1518662,7.34,18.97,193186,27404,5578,1556,584,227,77,913,127,530,7852,11084,13406,6284,98.1,85.8,101,58.2,87,77.6,122.27,102.69,39604340,101588,89823,9.1,86.5,4.284093864162376,0.96,0.49,0.88,0.1,0.9,-0.179174782683544,209.86,175.48,64.25,984.8751624364774,4873.466437436027,1726.8633991169627,1667.6945090618865,18133.58,1351.6899999999998,12590.98,4325.1,1409.02,434.68,839.56,844.1,1626.9195820000002,3120.265738,3244.465427,3253.021281,2873.1635,3241.3907030000005
2016-02-01,3.9581380912235806,4.398909500667027,5.672785713559105,0.2704361932618277,0.03442428580352238,14.15,14.13,0.93,27463,832020,114841,289611,148268,1522813,7.57,19.87,122734,19367,3823,892,548,222,67,929,124,450,7714,11352,13520,6165,92,84,94,71.4,86.8,77.6,85.16,87.59,39415733,101844,88838,10.3,87.7,3.757482222001058,0.9,1.29,0.76,0.54,0.95,-0.63467241138514,210.97,189.38,60.98,1299.2190471423557,5908.818495736602,2037.8989749113907,2040.488819031576,17899.49,1206.8899999999999,12170.02,4369.01,1361.06,499.92999999999995,831.15,808.73,1655.668391,3236.2391180000004,3397.631479,3408.536491,2942.2966839999995,3354.074204
2016-03-01,3.704458345969518,4.121408363183339,5.271470844745636,0.2479933351278305,0.03280749979118506,14.15,14.13,1.02,26973,823190,114109,286263,142546,1527590,7.65,19.9,147641,25617,4822,1199,553,226,59,964,117,434,7798,11316,13957,6402,105.3,109.9,104.2,82,96.6,77.1,91.46,94.87,39301211,101990,88394,11.1,87.2,3.4715654864591037,0.43,0.51,0.5,0.64,0.44,-1.38239116512161,197.22,184.86,58.96,1294.5887292498749,5912.749503046034,2039.6437083395638,2046.3357091714165,20658.58,1260.1,12227.84,5388.76,1485.76,557.8199999999999,961.7700000000001,900.97,1669.850524,3282.085199,3464.3515850000003,3475.1405889999996,2971.135494,3405.929219
2016-04-01,3.5515400171279907,4.025694978237152,5.0758599758148195,0.2468875005841255,0.03236450012773275,14.15,14.13,0.93,26762,815961,113029,281077,139948,1526375,7.69,20.21,132062,25548,4191,1145,547,222,63,959,112,445,8046,11782,14014,6464,102.6,96.4,104.1,76.7,95.7,77.11,86.82,91.18,39245389,102127,88303,11.3,88.4,3.4007101690407855,0.61,0.33,0.49,0.55,0.64,-0.697321441111798,188.81,181.15,61.1,1076.9331981580071,6150.234328075702,2139.9856091681795,2352.9269397517064,22133.32,1492.02,12316.640000000001,5775.09,1554.1699999999998,601.12,1031.9,950.48,1692.4361030000002,3329.3268120000002,3560.4543580000004,3639.693444,3005.7931770000005,3720.7688239999993
2016-06-01,3.4135454784740102,3.8411272655833852,4.857068256898359,0.24195227162404495,0.03238136338239366,14.15,14.13,1.03,26107,806430,111578,284491,136128,1536798,7.74,20.53,139567,26849,4188,1198,516,250,54,968,114,455,6848,10614,13916,6207,105.4,98.5,107.1,82.8,101,77.05,86.74,92.82,39091283,102389,88481,11.4,87.6,3.349051081933315,0.35,1.69,0.26,1.93,0.47,0.559792789538793,190.51,176.96,70.83,1079.693198544674,6149.47419293292,2139.8316304304,2350.63136745074,21350.09,1169.6899999999998,11338.94,5536.22,1638.1599999999999,594.65,988.38,993.11,1737.433385,3407.3036060000004,3682.196031,3800.7625679999996,3069.4795270000004,3944.622571
2016-07-01,3.27619997660319,3.622409525371733,4.304833344050816,0.2200104757433846,0.03151857125617209,14.15,14.13,1,26046,801257,110621,277789,135565,1538189,7.76,20.56,146578,28192,4682,1947,510,236,43,953,120,455,6686,10381,14120,6106,105.5,101.9,106.3,77.2,102.8,76.58,88.22,92.75,39007043,102304,88232,11.7,87.2,3.2588513637250736,0.52,0.18,0.37,0.49,0.64,-0.208472916972768,177.69,180.87,69.11,1185.9415188845444,6323.808630079502,2241.747901400997,2411.963148800695,23765.69,1331.93,12510.240000000002,6116.25,1736,663.3199999999999,1097.23,1138.3799999999999,1762.049191,3438.003043,3736.1170370000004,3892.0518300000003,3104.945982,4115.771282
2016-08-01,3.2057652266129204,3.5919912898022197,4.200221766596255,0.21605173789936563,0.031648695387918015,14.15,14.13,1.12,26221,795971,109746,275567,133897,1546795,7.77,20.73,148967,29121,4385,1414,526,250,47,995,117,469,6750,10428,14270,6281,113.7,112.8,113.9,83.8,107.2,76.9,88.14,93.4,38984957,102239,87996,11.9,84.9,3.204302474322606,0.44,0.15,0.32,0.29,0.31,-0.378665200287953,173.26,179.93,68.67,1183.6826634017543,6320.7257106772095,2239.729828650735,2410.862873404396,24031.809999999998,1365.42,12736.04,6220.22,1767.11,614.2900000000001,1111.56,1140.49,1785.1532759999998,3469.838244,3772.436243,3940.639141,3138.508122,4208.049678
2016-09-01,3.25082380431039,3.639280943643479,4.278304713112967,0.21496904818784623,0.03192428588157609,14.15,14.13,0.98,26168,789133,109542,277385,132256,1550208,7.85,20.96,130997,23974,4154,828,549,238,54,1001,114,485,6998,10890,14086,6398,112.7,107.5,114,79.9,104.3,76.78,84.99,92.34,38952688,101978,87759,11.9,85.5,3.209844403744357,0.08,0.2,0.07,0.33,0.08,0.244391610839179,174.84,184.53,73.58,1183.1612821348306,6320.720073203471,2239.323315833229,2410.686461452384,24176.69,1390.59,12944.449999999999,6143.08,1816.05,618.1,1118.59,1141.94,1812.347718,3514.2373230000003,3826.0811130000006,3993.534439,3176.412448,4234.14189
2016-11-01,3.3439272858879785,3.6112863800742407,4.1566044959154995,0.2184904536063021,0.03092363654551181,13.9,13.88,0.92,26434,776474,108539,273794,127812,1558281,7.97,21.15,148675,24872,3788,803,567,230,50,923,112,421,7335,11134,13946,6366,110.8,113.6,110.1,81.1,98.9,76.58,92.86,91.29,38755889,102427,88040,12,84.6,3.1531309290193668,0.18,-0.03,0.17,0.16,0.07,0.755568094770753,181.96,203.21,79.63,1312.3993689271667,6365.763356149686,2339.7855652089147,2463.110149621903,25437.08,1870.23,12778.359999999999,6465.929999999999,1837.1299999999999,568.2900000000001,1184.6799999999998,1118.35,1859.106395,3591.778393,3923.9027770000002,4114.774649999999,3245.1248089999995,4404.78583
2016-12-01,3.3582363562150435,3.5397136319767344,4.192109107971191,0.21187363700433212,0.028955454684116623,13.65,13.63,0.91,26655,765963,106919,281365,120517,1569164,7.88,20.52,169971,29002,4446,927,625,232,58,853,118,463,7526,11357,13539,6366,96.4,90.7,97.7,68,86,76.73,116.32,96.83,38277782,102650,88055,12.2,85.7,3.056525197032731,0.3,0.54,0.33,0.34,0.14,0.702788165542367,181.07,204.77,90.46,1311.0633252397824,6364.095487456162,2339.0319507337426,2462.0567932085332,24788.04,1805.22,12559.26,6367.49,1864.62,576.88,1152.91,1112.05,1881.837381,3626.391517000001,3936.745286,4083.323712000001,3278.3271510000004,4282.5947559999995
2017-02-01,3.1017299771308897,3.300600016117096,3.877085030078888,0.1989090010523796,0.027443999983370305,12.82,12.8,0.7,25527,752305,104352,266681,118550,1575512,8.09,21.21,112374,20017,2611,647,582,217,45,906,113,410,7684,11370,13487,6332,94.6,101,93.1,74.1,85.9,76.56,82.01,82.92,38296336,102906,87070,13.3,84.4,2.798110663516701,0.33,0.08,0.31,0.65,0.24,-0.268517131275559,170.8,194.84,81.6,1774.1089444987465,7078.991243242613,2569.384385732642,2889.833657343628,27452.89,1996.48,13012.34,7328.03,2028.86,697.22,1270,1310.52,1931.685792,3740.8497150000003,4125.478629,4340.203869999999,3354.64141,4667.185742
2017-03-01,3.12468263377314,3.335060876348744,3.8556217525316323,0.2011743479448816,0.02765739126049954,12.15,12.13,0.87,25260,750741,103458,267329,117340,1584667,7.89,21.09,158055,25761,4120,1169,585,240,60,984,115,422,7965,12149,13931,6538,108.1,119.9,105.3,85.8,97.6,76.87,88.52,89.89,38238742,103151,86649,13.9,84.4,2.6669529457722416,0.25,0.01,0.47,0.16,0.32,-0.0600676071900064,166.61,196.18,78.11,1765.2984878246098,7070.323510031041,2564.3643842422102,2888.761193373539,26806.420000000002,1838.75,12691.48,7178.88,2032.82,699.9499999999999,1237.81,1291.48,1951.639287,3788.1766449999996,4197.023486,4439.579601,3384.3960770000003,4838.371209000001
2017-06-01,3.2881428627740767,3.6923095158168246,4.206380934942336,0.20448904732863107,0.029656666464039257,10.15,10.14,0.71,25281,734640,100017,265251,117948,1604318,7.85,20.17,161030,28025,4179,1562,576,246,44,981,111,433,7010,10791,14014,6328,105.3,104,105.6,83.4,101.1,77.09,89.24,90.06,38374819,103791,87997,13.1,84.4,2.8223791043377617,-0.23,-0.67,-0.32,0.93,-0.3,0.0181272517269182,171.84,198.8,78.17,1470.4753168763132,6812.352172864984,2387.025025815491,2920.005391370938,26130.629999999997,1860.1899999999998,12442.8,6866.06,2074.14,658.88,1198.92,1326.51,2015.733989,3898.8886239999997,4306.518392999999,4515.91699,3478.722175,4825.212674000001
2017-08-01,3.1517174243927,3.718826096990834,4.084278272545856,0.1810165216093478,0.028703043723235958,9.15,9.14,0.69,25252,722873,96298,248158,115215,1620808,7.8,20.14,180881,28974,4821,1844,547,250,80,1015,117,450,6719,10475,14325,6368,121.2,133.7,118.2,91.6,111.6,77.31,91.28,91.01,38475042,104213,88728,12.7,84.1,2.9070565727325115,0.19,0.1,0.13,0.36,-0.03,0.106597147349552,160.08,207.01,79.41,1522.7987116631114,6367.964174845701,2331.3483600868753,2849.4339634555486,29427.9,2211.07,14075.359999999999,7626.1900000000005,2084,743.19,1343.22,1557.02,2052.8041420000004,4004.961691,4484.803349,4747.933189999999,3537.386347,5136.87625
2017-09-01,3.136870002746582,3.7274449944496153,4.177290034294129,0.1815964996814728,0.028328999783843754,8.35,8.34,0.58,24984,715495,94822,252656,115408,1624211,7.76,19.82,168008,25562,4542,1105,536,236,81,1018,115,473,7115,11097,14303,6521,115.7,124.7,113.5,85,107.1,77.52,90.29,89.39,38524325,104336,88987,12.5,84.8,2.95386635485355,0.16,0.47,-0.02,0.06,-0.02,1.06155751647776,161.96,211.02,84.12,1522.992789058249,6365.31057667188,2331.036114855744,2849.0421590970122,30808.59,2221.11,14728.38,8121.9,2221.05,771.07,1409.1699999999998,1614.25,2071.5391040000004,4044.893712000001,4531.074003,4797.382458,3566.750348,5190.001835
2017-11-01,3.2556476025354293,3.818966649827503,4.305395194462368,0.18634181943806735,0.028846190532758123,7.4,7.39,0.54,24778,702502,91708,254987,115336,1650998,7.86,20.03,168888,28366,5496,1446,526,230,72,973,119,475,7491,11462,14406,6503,116.5,130.8,113.1,87.7,104.2,77.84,98.43,90.67,38606449,104733,89732,12.1,84.9,3.046428174343054,0.28,0.52,0.36,0.31,0.18,1.59309362367452,176.05,218.67,95.52,1541.4130898748754,5856.089410135994,2270.970983603637,2784.155690256712,29729.329999999998,2268.51,14123.76,7685.28,2213.08,716.6700000000001,1360.42,1551.73,2100.960063,4112.9398439999995,4607.470893999999,4864.412585,3612.5846629999996,5249.272854
2017-12-01,3.2932428405398415,3.8956190517970493,4.4138238316490535,0.18682285504681723,0.02916095255031472,7,6.99,0.52,24668,694729,91569,270076,116161,1660162,7.78,19.29,171978,32865,6174,1603,571,223,39,863,125,515,7620,11441,14179,6389,100.7,109.9,98.5,74.9,91.4,77.7,120.93,97.37,38265818,104682,89967,11.9,86.8,3.0717935824527554,0.44,0.89,0.21,0.07,0.26,0.262540937017586,173.02,219.7,96.01,1544.0881231040432,5859.646171827494,2271.124476334416,2785.5772431845467,31616,2448.82,15087.79,8020.860000000001,2226.46,760.89,1444.98,1660.83,2113.61629,4142.955828,4642.070622,4886.2600090000005,3633.3875540000004,5218.812808000001
2018-02-01,3.243725025653839,4.0056949853897095,4.536615037918091,0.16370550096035003,0.030049499962478875,6.72,6.71,0.45,24588,676286,88222,256988,115938,1669009,7.85,19.94,129782,21857,4107,1134,514,223,43,926,121,469,7572,11659,13563,6413,96.8,116.4,92.2,79.4,88.5,77.84,83.25,81.03,38433916,104602,89093,12.7,84.2,2.8931498426657205,0.32,0.07,0.17,0.13,0.18,0.304761570037893,174.84,231.79,94.14,2047.6907847487257,6489.6300373967515,2286.3242397195486,3052.7517254186137,35158.729999999996,2912.68,15844.06,9514.03,2311.4100000000003,759.59,1619.23,1726.43,2140.9032260000004,4201.319335,4738.33181,5034.8854,3672.6350300000004,5483.50772
2018-03-01,3.274922728538513,4.037113601511175,4.5755954655733975,0.16199318251826547,0.03087954536419023,6.58,6.57,0.5,24700,678625,87096,263609,116793,1678623,7.73,19.81,172842,27204,5968,1339,537,222,45,979,118,477,7866,11950,14733,6592,109.9,138.6,103.1,93.4,99.1,77.96,95.64,89.08,38509034,104751,88637,13.2,84.5,2.785034090945252,0.09,0.64,0.17,0.24,0.07,0.938218797749735,171.09,224.14,96.08,2042.3392132787067,6479.146711211909,2273.8800753816295,3055.924231013613,35186.47,2996,15967.66,9678.91,2357.54,752.89,1622.78,1727.72,2152.195943,4232.953651,4801.240235,5112.911237,3689.232754,5563.133341999999
2018-06-01,3.7768449902534487,4.407089972496033,5.019715023040772,0.1425209991633892,0.03430299963802099,6.4,6.39,0.61,25648,672901,82120,269023,122819,1706124,7.42,19.58,163497,31531,5730,1205,482,266,30,1051,121,492,6885,11066,13778,6504,109.9,119.2,107.7,90.8,104.5,77.71,90.66,90.94,38691953,104610,89297,12.6,85.5,2.93546498483407,1.26,1.87,1.19,0.97,1.43,2.11839093057611,192.98,260.76,125.79,1900.5614402530964,6180.436735857578,1879.4559820738734,3178.073569816517,29962.760000000002,3143.15,14559.859999999999,7399.54,2125.22,612.87,1377.41,1511.28,2192.1317130000007,4295.6358549999995,4870.6396350000005,5133.209736999999,3743.0462509999998,5368.764160000001
2018-08-01,3.923204552043568,4.527477242729881,5.0505499839782715,0.13181318207220596,0.035342318429188294,6.4,6.39,0.63,26394,669529,78586,266373,126748,1731984,7.19,19.25,203896,35273,7439,1990,474,246,67,1055,125,545,6895,10809,14682,6671,123.1,147.2,117.4,100.3,113.7,77.9,95,92.53,38873842,105283,90172,12.3,84.5,3.001885355992509,-0.09,0.7,0.07,0.15,0,0.824955766948032,196.26,242.48,129.56,1707.1781617393767,5891.304328482415,1879.8244018967546,3219.164606522216,31591.01,3492.16,15468.31,7884.38,2139.3900000000003,618.38,1460.8899999999999,1520.6799999999998,2214.923947,4346.870306999999,4933.090407,5208.675955,3787.356589,5461.082403
2018-10-01,3.7642499967054888,4.3234591050581495,4.901345469734886,0.10148813677105037,0.033381454477255997,6.4,6.4,0.51,26208,661476,76517,269154,123261,1759757,7.36,19.21,208650,35887,7919,2109,452,229,33,1026,123,586,7431,11527,14659,6811,123.2,139.9,119.3,99.1,110.1,77.6,93.74,91.72,39091453,105878,91062,11.9,84.2,3.1026238221539586,0.45,0.89,0.48,0.35,0.4,-0.601398504192452,194.34,232.99,133.95,1857.5268252103633,5492.186592454259,1909.4302583748947,3152.2548507238753,36009.310000000005,3363.8300000000004,15017.42,9430.17,2242.44,753.4399999999999,1666.76,1678.55,2241.7410560000003,4391.331175,4959.74326,5213.906593,3829.7309809999997,5446.809468
2018-11-01,3.772268208590421,4.290686325593428,4.874877279455012,0.10394636338407343,0.033294318413192574,6.4,6.4,0.44,26197,664831,75509,273311,124978,1784716,7.41,19.26,192120,29119,7759,1911,462,230,34,993,125,579,7574,11759,14409,6700,115.2,127.7,112.2,89.9,102.5,77.4,102.88,91.48,39154621,106031,91380,11.7,84.6,3.156198473483041,-0.21,-0.49,-0.17,0.13,-0.25,-1.679373700417,195.76,229.03,119.66,1854.6250278893829,5496.741733505656,1908.966591580706,3152.888213360665,36967.8,3289.02,15438.230000000001,10086.09,2300.4700000000003,764.16,1710.12,1758.94,2256.2259449999997,4455.90982,5112.2932040000005,5477.003336999999,3852.968013,5942.225405
2019-02-01,3.713704991340637,4.2169650316238405,4.830080032348633,0.0970577497035265,0.03365980014204979,6.4,6.4,0.39,26241,659253,72538,275962,126901,1823184,7.35,19.68,162508,27324,6816,1986,485,224,39,983,128,568,8209,12627,13574,6915,102.3,131.4,95.4,84.8,92.1,77.4,86.57,84.12,39049432,105940,90477,12.6,86.9,2.9253929298105246,0.43,0.88,0.35,0.09,0.54,0.150816956153599,194.25,237.39,104.24,2163.938799582742,6207.369139628121,1919.7999558414065,3361.6707301869046,39688.74,3448.48,16378.04,11229.68,2434.56,847.6800000000001,1830.75,1929.11,2297.8860320000003,4562.570465,5320.638169000001,5773.730165,3911.160658,6416.604598
2019-03-01,3.8290227109735664,4.331554499539462,5.047149983319369,0.09309868209741333,0.034453136677091774,6.4,6.4,0.38,26850,654673,73106,284232,130372,1836305,7.35,19.75,170450,29066,7628,2004,461,213,33,924,122,527,8055,12384,14070,6801,101.6,117.2,98,82.5,94.1,77.2,91.39,87.01,39010820,106273,90410,12.8,83.4,2.867821847976438,0.75,1.26,0.65,0.31,0.77,1.13246810460421,196.56,247.03,110.08,2150.9708646527783,6197.606376525478,1916.6596733754861,3362.5096451199765,39643.350000000006,3505.68,16512.960000000003,11004.44,2482.92,817.72,1827.31,1931.05,2310.92096,4580.023339,5329.603053,5769.759208,3930.5151530000007,6376.927009999999
2019-04-01,3.8960227099331943,4.372090881521052,5.075249975377863,0.09061559120362456,0.034887000410394234,6.4,6.4,0.41,26847,646331,72330,277790,130639,1852546,7.45,20.02,189076,32216,8488,2142,489,228,35,976,117,562,7782,11569,13930,6604,108.3,133.1,102.4,89.3,98.6,79.1,90.53,87.08,39147204,106674,91036,12.6,84.6,2.9125381558589276,0.57,0.92,0.63,0.38,0.6,1.1341188302546,198.98,247.49,114,1823.445305984604,5955.617316057992,1834.6719298863345,3380.9974083965317,40062.33,3278.8100000000004,17372.58,11142.39,2508.4500000000003,831.39,1844.81,1963.1599999999999,2323.3998370000004,4604.778887999999,5371.019533000001,5832.622482000001,3948.760593,6485.011228000001
2019-07-01,3.779360874839451,4.236143443895423,4.710704347361689,0.0889858260102894,0.03491200020779734,6.4,6.4,0.43,24689,624603,69938,280558,128604,1899265,7.51,20.26,195828,36375,9000,2396,478,248,34,1052,124,555,6915,10952,14133,6507,117.5,131.6,114.1,94.6,108.5,77.3,93.91,91.29,39299033,107207,92118,12,83.3,3.0547626709698683,0.19,0.4,0.31,0.58,0.1,-1.19095302342695,187.91,225.68,99.68,1846.7968902291934,6023.276666297269,1735.7175391018336,3184.164084913004,42672.689999999995,3063.8300000000004,18551.37,11854.859999999999,2659.55,1100.3899999999999,1945.28,2286.3100000000004,2362.487547,4713.860813,5600.640098,6194.182582,4007.960024,7124.182594000001
2019-08-01,4.020128590720041,4.473214308420817,4.885995274498349,0.07759761881260645,0.037877095419736134,5.9,5.9,0.41,25442,628078,69569,284284,132762,1921792,7.42,20.38,195905,34788,9579,2709,482,240,31,1072,118,558,6946,10987,14223,6680,121.4,139.6,117.1,96,111.3,76.9,96.31,91.32,39426864,107332,92265,11.9,83.5,3.086853733033481,0.11,-0.67,0.17,0.42,0.12,0.561138929502314,187.31,232.67,98.98,1845.540876278053,6027.166571553574,1739.9429242820427,3193.7417406959134,42602.77,2811.62,18661.980000000003,11994.7,2656.69,1094.53,1944.82,2297.21,2376.7574560000003,4755.935199,5666.63498,6272.799034000001,4033.2420449999995,7206.585438
2019-10-01,4.086862043900923,4.514963605187156,5.164856455542824,0.07003827291456136,0.037797408855774185,5.38,5.38,0.41,25165,618517,68247,292970,134674,1964732,7.38,20.33,204500,36642,9498,2700,492,234,33,1099,118,599,7755,11973,14436,7120,128.8,150,123.8,96.8,112.9,76.6,97.72,94.29,39663056,107699,92881,11.8,83.1,3.120990846900519,0.1,0.68,-0.09,0.18,0.04,0.868112358360995,204.22,242.26,104.1,1906.905893493911,5345.587324037299,1682.8838161595113,2951.6136680380605,44939.87,2900.4900000000002,18458.14,12846.17,2791.98,1159.53,2053.3700000000003,2398.56,2399.946523,4822.137991,5762.878926,6396.787565,4074.2646839999993,7400.530116
2019-11-01,4.147523857298351,4.58520998954773,5.343908264523461,0.06955804711296446,0.0381101430172012,4.9,4.9,0.36,25663,619940,67490,300460,138378,1987974,7.44,20.23,196737,34148,9163,2229,493,224,32,1008,120,598,8095,12424,14218,7258,116.5,129.3,113.5,87,101.9,76.8,106.08,93.19,39763653,107550,93282,11.3,83.8,3.2718803766924625,0.51,0.3,0.49,0.04,0.54,0.69296683397293,216.67,242.82,109.9,1903.6866047666113,5358.0642534423905,1684.2077036625124,2956.1451136921382,45374.96,3281.9,19854.27,12545.49,2890.2599999999998,1182.6799999999998,2067.36,2521.92,2400.6211770000004,4862.326921000002,5858.019902,6551.266623000001,4094.559089,7666.578029
2020-04-01,5.31448635188016,5.766036358746615,6.594884525645863,0.08094250038266182,0.049307499419559135,3.65,3.65,0.32,27243,674728,69317,333872,152736,2029785,7.05,19.68,39487,11857,3902,460,350,237,33,840,18,383,6388,12318,12174,6383,65.2,20,75.9,42.5,67.3,73,75.02,72.05,38509429,103296,88191,12.7,65.4,2.935484920942735,-0.31,0.8,-0.18,0.22,-0.23,-0.0545353934517379,226.36,268.85,74.99,1526.372631124514,7733.74315146401,1452.9625108830846,2518.018639877907,34006.82,2800.69,15716.730000000001,8410.76,2603.62,814.22,1550.81,1873.01,2302.603672,5010.984869999999,6040.46581,6648.014055,4172.9576879999995,7428.321040000001
2020-06-01,5.190213918685913,5.841131773861972,6.4966793927279385,0.07469086349010468,0.04823695444925265,2.58,2.58,0.3,29505,681999,70528,357943,156869,2041232,6.54,18.54,102379,20366,8749,1300,417,245,27,985,28,434,5611,11396,12556,6211,92.7,73.3,97.3,66.9,90.2,75.3,91.21,77,38057772,97279,82157,13.6,74.6,2.8766389336190685,0.26,1.56,0.36,0.34,0.3,0.450709831718621,234.64,289.79,89.74,1535.2184795262626,7721.735814537,1458.826742936625,2528.9302646278193,40213.02,3317.67,17898.38,9926.25,2806.2799999999997,975.25,1827.29,2252.01,2341.54525,5079.4514469999995,6213.164413,6942.9679989999995,4202.677677,7923.225293
2020-07-01,5.284039540724321,6.053086345846003,6.6885224689136855,0.07409300011667339,0.049492363733324135,2.15,2.15,0.31,29242,692286,71477,362225,156499,2060528,6.33,18.21,134927,28128,9506,1893,442,252,29,1061,34,470,5935,11707,13916,6316,108.9,109.9,108.6,79.7,105.1,76.4,99.06,80.35,38166241,96314,80824,14.1,79.5,2.810417595403451,0.36,2.23,0.49,1.17,0.44,2.6675656545541,249.4,315.48,97.08,1435.4955426566867,8453.371031738545,1813.189322507561,2921.2338791250204,43596.810000000005,3649.56,19523.91,10850.730000000001,2733.12,1045.54,1974.3,2466.02,2366.1443360000003,5105.252819,6262.220796999999,7023.335215,4212.198797999999,8098.2082040000005
2020-09-01,5.399122693321922,6.360572706569325,6.99250340461731,0.07184309072115204,0.05112959071993828,1.9,1.9,0.3,31182,713908,74216,393188,165476,2123244,6.03,17.4,161071,37694,7387,1536,479,239,24,1098,49,534,6666,12240,14656,6792,119.2,132.7,116,90.2,111.4,77.6,99.18,84.88,38680554,98037,81415,14.9,85.3,2.647990386864622,0.64,4.34,0.82,1.16,0.87,2.38710993680928,273.79,350.69,106.04,1436.719879135105,8443.47378071959,1805.2776865094463,2911.8711161061397,40195.6,4044.75,19513.57,9344.67,2794.88,885.71,1811.55,2303.17,2421.435209,5128.897593,6299.87007,7056.5030959999995,4226.642798,8093.315134000001
2020-10-01,5.621433348882766,6.615152381715321,7.292076996394566,0.07255399972200394,0.05341095211250441,1.9,1.9,0.36,31718,717046,75202,402257,168155,2159264,5.98,17.19,168441,36776,7965,1842,502,234,40,1124,61,565,7353,13090,15270,7164,123.1,137.9,119.7,98.9,114.2,78.2,105.89,87.34,39046536,99842,83259,14.6,86.2,2.678652544993693,0.86,3.23,0.65,1.73,0.89,3.0460026099663,289.01,364.31,113.71,1533.7218861533552,7639.0034594901335,2008.3978714430762,3229.9746279350816,39975.689999999995,4316.320000000001,19822.5,9341.44,2766.7599999999998,863.71,1806.43,2250.59,2432.060244,5127.537169,6249.045791999999,6941.367926000001,4232.561464000001,7877.122143000001
2020-12-01,5.153822422027588,6.265317377836808,6.916396016659944,0.062480609863996506,0.04963904343869375,1.9,1.9,0.31,33999,730951,77339,413865,169669,2239719,5.9,16.5,194626,38118,9638,1551,551,237,50,950,80,596,7520,13313,14675,6659,101.6,110.6,99.5,90.6,96.2,79.3,126.51,96.18,39266192,101637,85171,14.2,90,2.7206871402465587,1.35,0.96,1.07,0.7,1.46,0.477539838596952,282.23,368.73,113.29,1534.1607761586304,7642.3797901746075,2009.003041643409,3229.2570408391475,50379.310000000005,5437.610000000001,23390.129999999997,12276.5,2870.15,1051.82,2278.63,2822.3900000000003,2451.027347,5157.956266000001,6268.874149,6963.935533,4247.940997999999,7969.816398
2021-02-01,5.402634477615356,6.534319996833801,7.483278369903564,0.06105720046907663,0.051315249688923356,1.9,1.9,0.23,34850,724676,76671,410025,171139,2270532,6.19,16.98,128068,30133,7712,1428,454,226,42,997,70,538,7531,12876,14389,6684,95.1,107.8,92.1,92.8,92.8,79.4,87.09,83.05,39918394,102217,85256,14.6,88.4,2.6748354729080934,0.86,2.53,0.54,1.89,0.82,3.71590320691961,331.74,429.96,139.53,1866.0557971929543,7200.05883555395,2605.4198186348717,3587.970360384398,47167.32,6023.820000000001,23633.38,10690.92,2886.53,879.07,2139.79,2675.3700000000003,2471.425925,5175.9641710000005,6307.264008,7050.929845,4261.321608000001,8161.396600000001
2021-03-01,5.640379905700684,6.715829173723857,7.817456324895223,0.062025416331986584,0.05192904158805808,2.23,2.23,0.35,36261,734847,75928,425934,172360,2297064,6.09,16.91,141914,35166,10792,1500,418,236,38,1115,61,468,8034,13256,15592,6778,100.2,118.1,96,102.1,100.8,80,92.36,88.47,40072540,102339,85067,14.9,88,2.627964133678364,0.93,2.94,1,1.3,0.86,4.64493986305961,346.53,454.64,150.32,1855.863355190233,7181.4431505241055,2615.9219100115406,3592.8399684771184,50014.2,6392.28,25049.77,11371.359999999999,2846.77,964.6700000000001,2271.64,2797.5,2483.7148779999998,5163.355928000001,6224.7404449999995,6859.30766,4265.168517,7730.276984
2021-04-01,5.5714143344334195,6.666980925060454,7.707886128198533,0.060152857253948845,0.05110747633235795,2.65,2.65,0.34,35318,735422,75663,429379,171863,2322034,6.05,16.89,127431,36436,9811,1396,419,231,34,1066,51,473,7287,13359,15207,6798,93.1,106.5,89.9,94.6,94.4,82,92.81,86.56,40162777,102665,85474,14.8,88.7,2.6432583145654784,0.31,1.51,0.23,0.9,0.38,2.41575044686517,350.9,463.45,149.86,1517.691786267677,6422.949668064377,3064.353517185248,3816.0700651246034,51432.65,7165.01,25971.629999999997,11461.3,2861.15,945.2,2345.82,2919.9700000000003,2499.3079040000002,5149.946196999999,6175.706628000001,6756.931084,4269.816230000001,7494.908012999999
2021-06-01,5.024131861600009,6.046736413782293,7.042015249078924,0.05277563648467714,0.04560377262532711,3.76,3.76,0.35,35724,730930,77145,447441,169946,2398138,6.16,16.67,133289,36259,11095,1765,489,250,71,1073,66,448,6781,12000,14997,6648,98.9,96.5,99.4,102.3,102.2,81.6,96.99,93.25,40747529,104216,87324,14.2,87.2,2.7534584860046905,0.53,0.6,0.64,2.16,0.6,0.739083116586614,332.49,457.52,159.75,1522.7987755373238,6419.789826315156,3049.8055946618856,3813.7256517536925,54822.42,6900.49,26626.260000000002,12193.03,2754.8900000000003,978.71,2495.58,3144.68,2524.2876599999995,5169.805959,6232.462875,6887.399177,4290.420472,7765.738093999999
2021-07-01,5.160040991646903,6.093228544507708,7.119878859747024,0.05364480969451722,0.04680061925734792,4.15,4.15,0.43,36226,729416,78821,457411,171372,2439145,6.16,16.52,123573,38814,11479,1560,521,252,71,1140,79,469,6611,11701,15303,6573,105.3,99.3,106.7,108.5,107.2,81.4,104.76,94.65,41054510,105073,88624,13.7,87.8,2.851997717818846,0.96,0.78,0.92,0.85,1.02,1.7175143057548,347.42,475.38,174.06,1480.2723234828266,5437.602785786263,2607.794094548552,3890.3128563954924,52632.97,6766.01,26347.27,11713.83,2824.12,919.7,2404.69,2962.4,2538.207566,5174.835639000001,6233.576816,6887.672965000001,4302.292376,7771.7457859999995
2021-09-01,5.2760091044686055,6.204413630745628,7.238159461454912,0.053717954592271286,0.04788122715597803,5.43,5.43,0.41,37986,746910,81144,479224,177754,2547929,6.18,16.62,109053,33277,11555,1151,535,232,84,1136,82,463,7275,12596,15165,6912,108.1,102,109.5,103.5,105.9,81.1,94.04,94.66,41772509,106430,90911,12.6,88.8,3.1149849591877214,1.16,-0.64,1.43,0.51,1.2,1.61114373862941,360.43,488.15,201.36,1481.2479395053494,5460.743995728736,2618.3422621152017,3888.3085675216253,47360.36,5850.67,25686.32,10364.93,2715.67,753.55,2168.34,2665.9300000000003,2573.898627,5175.848079,6168.087724,6734.106735,4334.48616,7406.33997
2021-10-01,5.53299994468689,6.416940021514892,7.57345061302185,0.0558160999789834,0.04889724962413311,6.3,6.3,0.36,38788,749767,82188,480917,179931,2602076,6.29,16.74,119294,30756,11068,1196,530,224,76,1141,86,455,7489,12538,15535,7025,106.2,99.7,107.7,106.8,104.8,81.1,98.65,93.72,42025305,106864,91893,12.1,88,3.2500801977086193,1.25,0.64,0.77,0.86,1.16,2.55319048297269,390.44,541.31,241.6,1581.5984472140779,4728.755276422423,2050.004883813183,3633.859148384152,44133.83,5364.79,24377.75,9779.05,2675.68,661.56,2029.55,2332,2592.760216,5189.892786,6150.89807,6684.260662000001,4354.9685340000005,7306.35328
2021-11-01,5.556549960916692,6.341668172316118,7.48049376227639,0.05543827265501022,0.04869131828573617,7.65,7.65,0.4,39515,753207,83540,491824,179583,2665388,6.39,16.76,125948,35059,10538,1359,526,223,69,1071,95,419,7485,12378,15352,6649,104.8,105.1,104.7,102.1,100.4,81,105.23,97.6,42339459,107334,92894,11.6,89.3,3.400556545054657,0.95,0.02,1.08,0.67,0.84,1.88731459642011,407.22,535.25,213.48,1579.9573175010107,4737.041431248853,2057.077552084421,3637.0306981520757,43387.810000000005,5547.94,22944.24,9573.130000000001,2578.4,680.49,1996.23,2278.71,2610.21416,5085.170837,5900.9548159999995,6331.742219000001,4366.635872,6802.898571000001
2021-12-01,5.654038118279499,6.3921782659447715,7.518839048302692,0.05556965198205865,0.049650217042021126,8.76,8.76,0.49,40346,768121,85074,513335,183065,2708971,6.27,16.7,156132,37409,11985,1536,603,227,42,1001,104,478,7959,13085,15075,6796,92,92.2,92,94,90.5,80.7,122.79,106.68,42048087,107758,93745,11.1,90.2,3.5153918464948735,0.73,0.87,0.57,0.35,0.73,0.673083452162682,409.88,547.55,197,1584.6599256707389,4737.959175875197,2051.8839774908206,3635.2795008799244,44749.56,6150.95,24323.03,9205.710000000001,2804.79,724.26,2061.21,2365.24,2627.1420049999997,5149.225014000001,6034.706065,6549.906921000001,4396.658819,7178.729523000001
2022-02-01,5.197917795181274,5.896140003204346,7.034245705604553,0.04898335002362728,0.045116450265049936,10.49,10.49,0.49,39599,766253,86595,517636,183140,2755932,6.64,17.61,100006,23050,8111,1154,545,227,32,1107,96,464,7979,12920,14428,6517,86.2,90,85.6,96.2,90.2,81.1,88.2,89.2,42569026,107249,93231,11.2,91.5,3.5439080018062112,1.01,1.83,0.28,0.38,1,0.105798057036766,406.76,557.85,224.69,2060.0486416902713,4877.490648976918,1543.077939411997,3460.737472803791,48520.15,6097.79,22371.64,10639.97,2741.15,743.3,2245.08,2319.07,2671.8672330000004,5230.838246,6164.757253,6735.043709,4466.763899,7420.853931000001
2022-04-01,4.732740020751953,5.10858998298645,6.122676396369934,0.04175089951604605,0.03747530002146959,11.65,11.65,0.46,40759,779199,89359,533947,184006,2830339,6.71,17.84,109687,26738,9371,1435,499,216,30,1046,97,478,8229,12872,15429,6727,90.6,91.6,90.4,94.8,94.4,80.8,96.99,94.67,42873768,107861,94569,10.5,89,3.7856277987409723,1.06,1.41,1.08,0.95,1.04,2.96303559811064,398,537.02,279.79,1569.7011130246278,4273.111628641046,1219.605927236644,2973.229661932907,46211.94,5732.87,21346.07,10072.710000000001,2813.06,733.76,2136.9,2312.44,2727.6272320000003,5314.313072,6256.423957999999,6841.924418,4544.693244000001,7552.406781
2022-06-01,5.0562920787117696,5.338390892202204,6.2224367965351455,0.041176681999455796,0.03767300007695502,12.89,12.89,0.54,42582,804082,93074,544723,188650,2914335,6.76,18.03,133566,31876,10854,1731,485,243,32,1078,98,458,7153,11916,15362,6501,102.7,98.5,103.4,101.9,102.4,80.5,96.86,99.23,43436820,108349,96420,9.3,90.1,4.310723501325912,0.67,0.59,0.67,2.14,0.62,1.24793725851495,405.45,461.63,325.59,1580.0304144960357,4284.36813442425,1223.499696719512,2974.2674826553707,42188.99,5153.48,18875.38,9328.54,2795.62,615.98,1967.99,1899.6,2789.237467,5380.272072,6245.7525000000005,6724.422731000001,4628.784764999999,7213.302935000001
2022-07-01,5.367623805999756,5.461014225369408,6.436308769952683,0.041831238461392264,0.03927904757715407,13.15,13.15,0.65,43291,800455,94423,543333,188849,2955620,6.87,18.26,135509,33567,11325,1561,528,230,30,1122,108,462,7158,11977,15798,6300,109,98.5,110.7,101.9,107.4,80.4,99.18,100.58,43662140,108548,96806,9.1,90,4.420198771637766,-0.68,0.21,-1.19,0.86,-0.6,1.2139794629868,393.98,423.98,330.55,1573.2141180986678,4204.7341627923315,1099.1631600367855,2561.933112244823,44044.97,5041.5,19882.69,9664.8,2814.1,669.75,2055.69,1997.55,2821.4014270000002,5421.933679999999,6283.763951999999,6752.959981,4677.260701,7199.14277
2022-08-01,5.142997327058212,5.205282605212668,6.152999214504076,0.03805652147401934,0.03799804300069809,13.58,13.58,0.73,44149,802312,96772,548688,193984,3009898,6.86,18.36,155191,39039,12297,2050,568,247,33,1179,103,465,7308,12076,16013,6724,114.1,116,113.8,112.4,111.4,80.1,99.63,104.1,43950973,108706,97143,8.9,92.6,4.542814171281904,-0.36,-0.7,-0.57,0.09,-0.31,-2.38416040545235,393.51,419.15,324.07,1572.569051461648,4211.215231211535,1104.2637543381995,2579.403027735566,46753.63,4862.42,19740.3,10630.55,2976.23,716.6700000000001,2175.3100000000004,2215.2599999999998,2853.561431,5481.205266000001,6358.598254,6845.934249,4725.729,7333.504133
2022-09-01,5.22643332254319,5.165457135155087,5.917341027941022,0.03645400011113712,0.03651266651494162,13.65,13.65,0.71,45354,812941,98660,565031,200920,3055514,6.95,18.55,143193,37207,11088,2437,583,239,36,1152,105,494,7393,12505,15685,6735,109.2,112.1,108.8,102.1,105.6,80.1,97.04,103.56,44229430,108729,97454,8.7,91.6,4.67570062148611,-0.29,-0.95,0.02,0.09,-0.32,-1.78710148143741,404.05,386.43,303.29,1573.6642573219553,4203.502640381039,1101.933813806042,2571.2026213058625,46730.97,4935.110000000001,19543.69,10959.09,2990.8,805.57,2177.21,2174.56,2891.634923,5555.54669,6500.627763,7075.4167529999995,4782.697809,7706.398078
2022-11-01,5.2736499526283955,5.374186364087191,6.185885646126487,0.03266281854699959,0.037056909196756103,13.65,13.65,0.59,46194,813989,104207,577029,212244,3156588,7.03,18.77,158752,33177,9935,2116,575,234,33,1098,110,467,7738,12950,15389,6631,105.3,111.9,104.2,102.1,101.9,79.9,106.67,103.94,44517737,108434,97954,8.1,90.5,5.068536541656903,0.41,-0.56,0.57,0.36,0.38,-0.46951538319624,403.66,403.49,270.1,1650.319673690891,3733.930963497178,995.2035108497681,2191.540779119917,47801.7,5967.07,20820.16,10252.01,2867.21,686.6700000000001,2239.3700000000003,2071.42,2964.320663,5668.1740119999995,6634.15772,7228.168424000001,4886.301972,7905.576695
2022-12-01,5.243231773376465,5.540836355902932,6.378730513832786,0.0304701364683834,0.03880418176678094,13.65,13.65,0.71,46537,832740,105169,583041,209776,3187782,6.92,18.54,164145,38002,12062,2680,657,231,31,1022,115,513,8080,13689,14913,6544,92.6,88.3,93.3,89,90.3,79.5,123.32,113.05,44062392,107942,97702,7.9,91.3,5.167143442481652,0.62,0.45,0.35,0.09,0.69,-0.976382545832477,395.23,433.08,248.03,1656.1766471155047,3741.472696286218,994.6425581130374,2191.4284031116404,46546.89,5811.4,20032.940000000002,10253.49,2867.13,659.41,2182.8700000000003,2009.04,2997.8552310000005,5682.462832,6538.183371,7033.822731000001,4937.59814,7573.182317
2023-02-01,5.168007588386535,5.529474949836731,6.247594618797303,0.026997550018131734,0.03890625014901161,13.65,13.65,0.51,46779,810986,105834,577085,205929,3235889,7.39,19.17,95813,23946,7842,2288,621,223,34,1079,110,477,8188,13731,14665,6437,87,91.8,86.2,84.5,86.7,78.9,89.28,93.4,44404933,107346,96550,8.6,90.1,4.810020217172117,0.84,-0.06,0.34,0.05,0.77,-0.454634158222356,404.27,438.09,190.87,1969.9017078911345,4242.659331654465,978.917891281718,2240.718237710664,44526.06,5700.21,19487.67,9824.32,2808.3900000000003,673.1700000000001,2100.96,1850.27,3027.529919,5827.778138,6712.299604000001,7189.4785409999995,5053.014574000001,7642.140625000001
2023-03-01,5.20908264491869,5.564178300940472,6.315972058669381,0.025718043679776398,0.03894773967888044,13.65,13.65,0.61,45173,820091,107758,590135,205363,3270928,7.34,18.89,146165,40409,9388,2937,577,238,34,1187,111,471,8605,14366,15977,6775,99.1,112.6,96.9,105.2,99.2,79,100.28,105.08,44599823,107257,96248,8.8,91.2,4.725250290932483,0.71,0.05,0.74,0.3,0.64,-0.714989488548046,393.72,418.64,185.49,1954.2951747168647,4234.827787390897,977.7436952451312,2232.216779116439,43160.719999999994,5316.7699999999995,19194.87,9697.2,2760.96,668.31,2034.9,1818.03,3018.486617,5894.859917,6796.5186730000005,7253.241298,5100.4022270000005,7623.947181999999
2023-06-01,4.850006557646251,5.254804724738712,6.1240214847383045,0.019550619026025135,0.034352428501560575,13.65,13.65,0.64,44391,828871,112688,593326,204074,3310857,7.41,19.05,141995,37670,7711,2115,588,252,33,1144,109,465,7601,12839,15631,6587,102.1,94.7,103.2,90.6,100.6,78.4,98.27,103.45,45093473,107557,97278,8,90.4,5.240648330652585,-0.08,-1.93,-0.1,0.71,-0.1,-2.33355021720976,378.28,385.66,163.79,1604.9239042943138,4044.82930082757,951.7806681586457,2033.5584892875445,49616.33,5300.120000000001,20775.3,12223.630000000001,3155.32,916.6800000000001,2326.22,2275.52,3114.565798,6094.343972,7181.871345,7879.177841999999,5267.490149,8659.54739
2023-08-01,4.907317389612612,5.343860854273257,6.230121654012929,0.01534178249699914,0.033883826402218445,13.19,13.19,0.6,48350,830370,115772,580477,205095,3387211,7.53,18.89,153466,43398,8944,1870,577,247,31,1261,116,500,7679,12999,16123,6630,118.1,119.7,117.8,98.1,111.4,78.7,102.12,106,45455386,108065,98040,7.8,89.6,5.392692906809411,0.23,-0.14,-0.22,0.17,0.2,0.47169163959091,393,383.82,184.53,1623.9890991298687,3899.1018917602883,946.316998452664,1850.6157945803518,48697.59,5516.18,20628.58,11574.730000000001,3212.8100000000004,890.16,2290.58,2172.29,3201.4851710000003,6250.3115370000005,7407.151556000001,8160.306930000001,5383.457367999999,9065.65747
2023-09-01,4.941924977302551,5.27006504535675,6.121012330055237,0.014123099995777011,0.03345059975981712,12.97,12.97,0.41,49295,838235,118171,594833,207418,3411538,7.62,18.64,145668,41751,8424,1822,566,230,33,1208,113,528,8012,13685,15973,6808,111.5,109.1,111.8,88.8,104.8,78.3,100.2,103.64,45660058,108154,98240,7.7,89.2,5.4828093850783715,0.26,0.37,0.27,0.34,0.11,0.917713900026107,405.16,388.51,199.81,1623.6921432795411,3894.6205724134848,945.4244712189443,1848.094731644332,49108.5,5605.75,20391.45,11366.16,3219.2799999999997,862.1800000000001,2321.08,2110.6,3261.5248799999995,6318.468099,7467.580421000001,8197.926608999998,5445.704374999999,9039.520458000003
2023-11-01,4.898838910189542,5.289640946821733,6.080623540011319,0.013895772693848068,0.03267645463347435,12.17,12.17,0.55,50111,837357,122075,588949,210498,3490967,7.64,18.45,160679,40953,9011,1943,562,228,37,1156,116,550,8639,14941,16048,7037,107.2,102.4,108,86.8,101.1,78.6,109.42,105.74,45968515,108710,98933,7.5,89.6,5.638060282709349,0.28,0.59,0.27,0.07,0.1,0.027333188514711,390.71,380.63,183.71,1605.4795815793987,3759.7171740807853,910.9149793518061,1805.7446489446615,53515.32,5861.92,21420.460000000003,12851.27,3176.56,929.88,2532.17,2198.05,3347.034227,6416.356367,7513.868153,8195.257891,5553.451744999999,8957.670015
2023-12-01,4.897270929245722,5.340552352723622,6.199710051218669,0.009293571402806611,0.03398333330239568,11.87,11.87,0.55,50631,857211,124238,604606,213245,3522206,7.37,18.16,187724,48837,10060,1877,610,223,36,1084,119,607,9019,15319,15669,7217,91.6,87.3,92.3,73.8,88.2,78.8,124.93,112.24,45517275,109066,99473,7.4,91.1,5.639688911400535,0.56,0.74,0.29,0.31,0.55,-0.32418211075379,375.94,380.71,168.93,1609.7902599778863,3764.5104265261675,912.2486659874442,1808.4586007160317,56449.619999999995,6273.51,22699.649999999998,13803.59,3311.4300000000003,1010.65,2671.27,2352.98,3387.566557,6504.397663000001,7697.883553,8480.508598999999,5604.765864000001,9405.331754
